anio,estado,producto,precio_promedio,ranking
2018,aguascalientes,cytotec,2789.0102689560144,1
2018,aguascalientes,arava,2153.623006982741,2
2018,aguascalientes,keppra,2071.391358928916,3
2018,aguascalientes,asenlix,1628.6417380386258,4
2018,aguascalientes,lipitor,1523.565196600486,5
2018,baja california,cytotec,2797.6106942612137,1
2018,baja california,arava,2210.898667605803,2
2018,baja california,keppra,2066.590462084362,3
2018,baja california,asenlix,1738.4372680664062,4
2018,baja california,lipitor,1571.068505594325,5
2018,baja california sur,cytotec,2967.416110568576,1
2018,baja california sur,arava,2240.5124947684153,2
2018,baja california sur,keppra,2114.381574664199,3
2018,baja california sur,asenlix,1758.661376953125,4
2018,baja california sur,lipitor,1481.5393538936491,5
2018,campeche,cytotec,2694.280704273897,1
2018,campeche,arava,2118.190976625913,2
2018,campeche,keppra,2043.978666719023,3
2018,campeche,asenlix,1632.946418261006,4
2018,campeche,lipitor,1513.560114144588,5
2018,chiapas,cytotec,2929.476331360947,1
2018,chiapas,arava,2166.688888888889,2
2018,chiapas,keppra,2129.604278074866,3
2018,chiapas,asenlix,1645.1944444444443,4
2018,chiapas,lipitor,1568.9605783509817,5
2018,chihuahua,cytotec,2860.7673566951307,1
2018,chihuahua,arava,2279.884340836698,2
2018,chihuahua,keppra,2094.3714270653663,3
2018,chihuahua,asenlix,1754.5729915734494,4
2018,chihuahua,lipitor,1638.5802995548693,5
2018,ciudad de mexico,cytotec,3037.4749177530957,1
2018,ciudad de mexico,arava,2222.276695818405,2
2018,ciudad de mexico,keppra,2118.2300636043306,3
2018,ciudad de mexico,asenlix,1739.0359564151013,4
2018,ciudad de mexico,lipitor,1512.7785856926937,5
2018,coahuila de zaragoza,cytotec,2808.5933265686035,1
2018,coahuila de zaragoza,arava,2165.3895528257776,2
2018,coahuila de zaragoza,keppra,2059.832103849712,3
2018,coahuila de zaragoza,asenlix,1744.6434737356085,4
2018,coahuila de zaragoza,lipitor,1580.7227078067556,5
2018,colima,cytotec,2631.926976854556,1
2018,colima,arava,2194.7429753296765,2
2018,colima,keppra,2052.6991423233694,3
2018,colima,asenlix,1575.6844529827822,4
2018,colima,lipitor,1523.1413319905598,5
2018,durango,cytotec,2624.4384826660157,1
2018,durango,arava,2096.356873642058,2
2018,durango,keppra,1956.528957633085,3
2018,durango,asenlix,1640.0042066072162,4
2018,durango,bonviva,1494.5738254123264,5
2018,estado de mexico,cytotec,2922.6120984499858,1
2018,estado de mexico,arava,2193.9495172620395,2
2018,estado de mexico,keppra,2084.8213222337804,3
2018,estado de mexico,asenlix,1686.925298412709,4
2018,estado de mexico,lipitor,1518.2619914691331,5
2018,guanajuato,cytotec,2893.264348909748,1
2018,guanajuato,arava,2238.1675775875833,2
2018,guanajuato,keppra,2082.7479072616484,3
2018,guanajuato,asenlix,1633.046278782895,4
2018,guanajuato,lipitor,1581.792021971275,5
2018,guerrero,cytotec,2790.4815196161685,1
2018,guerrero,keppra,2096.6003908172365,2
2018,guerrero,arava,2084.1816339666193,3
2018,guerrero,asenlix,1611.9536685943604,4
2018,guerrero,lipitor,1545.4593152197722,5
2018,hidalgo,cytotec,2901.6773310122285,1
2018,hidalgo,arava,2189.694678035783,2
2018,hidalgo,keppra,2111.3906541907268,3
2018,hidalgo,asenlix,1751.6324786324783,4
2018,hidalgo,lipitor,1558.198724465292,5
2018,jalisco,cytotec,2675.5738369254177,1
2018,jalisco,arava,2089.4803231222586,2
2018,jalisco,keppra,2049.0014011548915,3
2018,jalisco,asenlix,1632.6845601821835,4
2018,jalisco,lipitor,1492.9574550412735,5
2018,michoacan de ocampo,cytotec,2775.911919651261,1
2018,michoacan de ocampo,arava,2168.343815439755,2
2018,michoacan de ocampo,keppra,2083.7581508470616,3
2018,michoacan de ocampo,asenlix,1630.4479508833451,4
2018,michoacan de ocampo,bonviva,1537.8929684817135,5
2018,morelos,cytotec,3025.242855980283,1
2018,morelos,arava,2207.5050505050503,2
2018,morelos,keppra,2108.855670103093,3
2018,morelos,asenlix,1709.9883720930231,4
2018,morelos,lipitor,1513.6356606088034,5
2018,nayarit,cytotec,2678.9483027495153,1
2018,nayarit,arava,2168.4351720809937,2
2018,nayarit,keppra,2000.1492262620193,3
2018,nayarit,asenlix,1662.644950394082,4
2018,nayarit,lipitor,1587.7346304584023,5
2018,nuevo leon,cytotec,2666.976538764106,1
2018,nuevo leon,arava,2149.096183319574,2
2018,nuevo leon,keppra,2018.1444834644683,3
2018,nuevo leon,asenlix,1808.823377403846,4
2018,nuevo leon,lipitor,1490.260509952084,5
2018,oaxaca,cytotec,2876.8984572466684,1
2018,oaxaca,arava,2120.467300739694,2
2018,oaxaca,keppra,2033.4199996383104,3
2018,oaxaca,asenlix,1729.656914893617,4
2018,oaxaca,lipitor,1490.735561938996,5
2018,puebla,cytotec,2715.7099947415863,1
2018,puebla,arava,2156.104756588758,2
2018,puebla,keppra,2009.227055599815,3
2018,puebla,asenlix,1707.193038277004,4
2018,puebla,lipitor,1540.5756783745917,5
2018,queretaro,cytotec,2884.987485604457,1
2018,queretaro,arava,2178.7389970036397,2
2018,queretaro,keppra,2085.689154567489,3
2018,queretaro,asenlix,1673.0426550233997,4
2018,queretaro,lipitor,1548.3834188220571,5
2018,quintana roo,cytotec,2764.548466052039,1
2018,quintana roo,arava,2144.110621379984,2
2018,quintana roo,keppra,2066.4884404721465,3
2018,quintana roo,asenlix,1587.2123999023438,4
2018,quintana roo,lipitor,1578.8214262733163,5
2018,san luis potosi,cytotec,2854.273534601385,1
2018,san luis potosi,arava,2201.46157450447,2
2018,san luis potosi,keppra,2067.7698651318137,3
2018,san luis potosi,asenlix,1648.9102444790378,4
2018,san luis potosi,lipitor,1599.517339790158,5
2018,sinaloa,cytotec,2599.1196981894004,1
2018,sinaloa,arava,2157.3652102908572,2
2018,sinaloa,keppra,1957.5173428087348,3
2018,sinaloa,asenlix,1651.7031769304645,4
2018,sinaloa,lipitor,1494.6824884213477,5
2018,sonora,cytotec,2779.4974789160565,1
2018,sonora,arava,2210.989529900108,2
2018,sonora,keppra,1981.7646104155997,3
2018,sonora,asenlix,1709.8841381782515,4
2018,sonora,lipitor,1573.776207305483,5
2018,tabasco,cytotec,2825.6571118903885,1
2018,tabasco,arava,2095.597934429462,2
2018,tabasco,keppra,2059.4634164205413,3
2018,tabasco,asenlix,1651.1386056776664,4
2018,tabasco,lipitor,1505.761548206577,5
2018,tamaulipas,cytotec,2728.7558599793083,1
2018,tamaulipas,arava,2071.761932206284,2
2018,tamaulipas,keppra,1996.349819938444,3
2018,tamaulipas,asenlix,1764.6211801524123,4
2018,tamaulipas,lipitor,1493.23172226046,5
2018,tlaxcala,cytotec,2951.758572938012,1
2018,tlaxcala,arava,2150.792941541557,2
2018,tlaxcala,keppra,2047.880829275471,3
2018,tlaxcala,asenlix,1577.044585558833,4
2018,tlaxcala,lipitor,1543.8292941212253,5
2018,veracruz,cytotec,2795.588706351615,1
2018,veracruz,arava,2195.7616223274395,2
2018,veracruz,keppra,2059.096282392345,3
2018,veracruz,asenlix,1648.578018737354,4
2018,veracruz,lipitor,1515.8046009622562,5
2018,yucatan,cytotec,2837.011201171875,1
2018,yucatan,arava,2176.01904296875,2
2018,yucatan,keppra,2057.300438705756,3
2018,yucatan,asenlix,1663.087707053614,4
2018,yucatan,lipitor,1508.682847484058,5
2018,zacatecas,cytotec,2767.4176073831227,1
2018,zacatecas,arava,2120.524239352201,2
2018,zacatecas,keppra,2009.183336398302,3
2018,zacatecas,asenlix,1763.2813083814538,4
2018,zacatecas,lipitor,1552.7353963659118,5
2019,aguascalientes,cytotec,2789.412213740458,1
2019,aguascalientes,arava,2266.4246575342468,2
2019,aguascalientes,keppra,2140.8033777185387,3
2019,aguascalientes,lipitor,1598.637640449438,4
2019,aguascalientes,asenlix,1582.5726116204717,5
2019,baja california,cytotec,2909.6035225022006,1
2019,baja california,arava,2184.173901050122,2
2019,baja california,keppra,2150.321995192308,3
2019,baja california,asenlix,1731.0077024366035,4
2019,baja california,lipitor,1656.7618363465317,5
2019,baja california sur,cytotec,2591.07333836411,1
2019,baja california sur,arava,2311.186593191964,2
2019,baja california sur,keppra,2104.6918869018555,3
2019,baja california sur,asenlix,1752.0424979073662,4
2019,baja california sur,lipitor,1574.385256372317,5
2019,campeche,cytotec,2727.1187539426437,1
2019,campeche,arava,2228.6506607547885,2
2019,campeche,keppra,2078.2585957162332,3
2019,campeche,asenlix,1610.5565421268857,4
2019,campeche,lipitor,1607.131372767857,5
2019,chiapas,cytotec,2935.8973973940497,1
2019,chiapas,arava,2274.7771432059153,2
2019,chiapas,keppra,2158.3610395951705,3
2019,chiapas,lipitor,1641.7327586206898,4
2019,chiapas,evista,1569.763294175092,5
2019,chihuahua,cytotec,2846.780937194824,1
2019,chihuahua,arava,2328.3212604928526,2
2019,chihuahua,keppra,2090.9903909284517,3
2019,chihuahua,asenlix,1716.9260112277711,4
2019,chihuahua,lipitor,1596.838888511175,5
2019,ciudad de mexico,cytotec,2976.5431019176135,1
2019,ciudad de mexico,arava,2274.5702145720184,2
2019,ciudad de mexico,keppra,2139.7634168539876,3
2019,ciudad de mexico,asenlix,1634.200726303581,4
2019,ciudad de mexico,lipitor,1623.0977169567896,5
2019,coahuila de zaragoza,cytotec,2762.68497587944,1
2019,coahuila de zaragoza,arava,2264.785390803951,2
2019,coahuila de zaragoza,keppra,2096.637320429901,3
2019,coahuila de zaragoza,asenlix,1594.135047029194,4
2019,coahuila de zaragoza,lipitor,1593.702374835347,5
2019,colima,cytotec,2696.3708478529675,1
2019,colima,arava,2191.79111263452,2
2019,colima,keppra,2161.855459839758,3
2019,colima,lipitor,1618.9106389038952,4
2019,colima,asenlix,1590.14942859468,5
2019,durango,cytotec,2699.77077429279,1
2019,durango,arava,2189.327786427624,2
2019,durango,keppra,2056.130903545179,3
2019,durango,asenlix,1623.912539651208,4
2019,durango,lipitor,1583.7217618686946,5
2019,estado de mexico,cytotec,2901.81212559031,1
2019,estado de mexico,arava,2237.1327991680887,2
2019,estado de mexico,keppra,2111.5456006085433,3
2019,estado de mexico,asenlix,1626.7114349941037,4
2019,estado de mexico,lipitor,1613.4013065982626,5
2019,guanajuato,cytotec,2861.495579310826,1
2019,guanajuato,arava,2359.9764074900795,2
2019,guanajuato,keppra,2104.944736578526,3
2019,guanajuato,lipitor,1683.3149221420288,4
2019,guanajuato,asenlix,1604.6125597191567,5
2019,guerrero,cytotec,2819.573951863354,1
2019,guerrero,arava,2253.810831705729,2
2019,guerrero,keppra,2145.8650346235795,3
2019,guerrero,asenlix,1635.0756722909432,4
2019,guerrero,lipitor,1620.074860853956,5
2019,hidalgo,cytotec,2897.811636117789,1
2019,hidalgo,arava,2307.7076219128026,2
2019,hidalgo,keppra,2199.6315789473683,3
2019,hidalgo,lipitor,1679.8348320093048,4
2019,hidalgo,evista,1609.5625,5
2019,jalisco,cytotec,2745.3425635076633,1
2019,jalisco,arava,2109.5068864493533,2
2019,jalisco,keppra,2095.688030761719,3
2019,jalisco,asenlix,1629.767080411044,4
2019,jalisco,lipitor,1596.4361498655387,5
2019,michoacan de ocampo,cytotec,2784.473268821023,1
2019,michoacan de ocampo,arava,2333.1053684779577,2
2019,michoacan de ocampo,keppra,2140.467125844147,3
2019,michoacan de ocampo,asenlix,1766.8691380277594,4
2019,michoacan de ocampo,lipitor,1663.8236271027597,5
2019,morelos,cytotec,3184.214285714286,1
2019,morelos,arava,2268.8888888888887,2
2019,morelos,keppra,2112.222222222222,3
2019,morelos,asenlix,1706.8333333333333,4
2019,morelos,lipitor,1558.0588235294117,5
2019,nayarit,cytotec,2707.501266479492,1
2019,nayarit,arava,2206.8771623883927,2
2019,nayarit,keppra,1973.0874938964844,3
2019,nayarit,asenlix,1672.7941589355469,4
2019,nayarit,bonviva,1543.0321393694196,5
2019,nuevo leon,cytotec,2762.3683905117755,1
2019,nuevo leon,arava,2187.7461532201523,2
2019,nuevo leon,keppra,2029.3087235708083,3
2019,nuevo leon,asenlix,1697.1068892045455,4
2019,nuevo leon,lipitor,1527.2736626296746,5
2019,oaxaca,cytotec,2891.8656099759614,1
2019,oaxaca,arava,2275.4311408740564,2
2019,oaxaca,keppra,2090.8645457300645,3
2019,oaxaca,asenlix,1617.35911463484,4
2019,oaxaca,lipitor,1580.4278213146122,5
2019,puebla,cytotec,2780.4693196614585,1
2019,puebla,arava,2214.181433783637,2
2019,puebla,keppra,2066.4495561927747,3
2019,puebla,lipitor,1635.2438003077652,4
2019,puebla,asenlix,1633.1977704836995,5
2019,queretaro,cytotec,2857.4884166789507,1
2019,queretaro,arava,2309.5142760345902,2
2019,queretaro,keppra,2156.454055373733,3
2019,queretaro,lipitor,1659.0395087094785,4
2019,queretaro,asenlix,1614.5617953451915,5
2019,quintana roo,cytotec,2855.486306762695,1
2019,quintana roo,arava,2242.53296380294,2
2019,quintana roo,keppra,2103.026968623815,3
2019,quintana roo,asenlix,1647.7941059313323,4
2019,quintana roo,lipitor,1620.0277510637202,5
2019,san luis potosi,cytotec,2824.455409137749,1
2019,san luis potosi,arava,2340.4701193697624,2
2019,san luis potosi,keppra,2124.321031523914,3
2019,san luis potosi,lipitor,1673.5755862352323,4
2019,san luis potosi,asenlix,1643.789872208996,5
2019,sinaloa,cytotec,2717.0219836819556,1
2019,sinaloa,arava,2156.625603441922,2
2019,sinaloa,keppra,2013.5275268554688,3
2019,sinaloa,asenlix,1612.1443980823865,4
2019,sinaloa,lipitor,1561.8117123396037,5
2019,sonora,cytotec,2838.9043969726563,1
2019,sonora,arava,2192.9065939036723,2
2019,sonora,keppra,2044.2361237600949,3
2019,sonora,asenlix,1716.195776767418,4
2019,sonora,lipitor,1611.1794913043038,5
2019,tabasco,cytotec,2792.7415060395174,1
2019,tabasco,arava,2227.9572940860785,2
2019,tabasco,keppra,2073.9364059305635,3
2019,tabasco,asenlix,1640.3086178280892,4
2019,tabasco,lipitor,1553.3441496818295,5
2019,tamaulipas,cytotec,2704.4207283182345,1
2019,tamaulipas,arava,2253.998589409722,2
2019,tamaulipas,keppra,2059.4049034820746,3
2019,tamaulipas,asenlix,1672.5304043170104,4
2019,tamaulipas,lipitor,1559.224725896662,5
2019,tlaxcala,cytotec,3019.7886101774466,1
2019,tlaxcala,arava,2191.878989771793,2
2019,tlaxcala,keppra,2151.3316817153345,3
2019,tlaxcala,lipitor,1609.59223429362,4
2019,tlaxcala,bonviva,1589.1095071866368,5
2019,veracruz,cytotec,2732.769624988807,1
2019,veracruz,arava,2266.9396197344804,2
2019,veracruz,keppra,2076.956452656568,3
2019,veracruz,asenlix,1592.9577800239729,4
2019,veracruz,lipitor,1570.5302713714298,5
2019,yucatan,cytotec,2796.767863545441,1
2019,yucatan,arava,2300.0516779323875,2
2019,yucatan,keppra,2136.1035421058614,3
2019,yucatan,lipitor,1629.0722893060768,4
2019,yucatan,asenlix,1591.615988338695,5
2019,zacatecas,cytotec,2793.681478192729,1
2019,zacatecas,arava,2228.6467920939126,2
2019,zacatecas,keppra,2066.6413725456305,3
2019,zacatecas,asenlix,1671.8774674795206,4
2019,zacatecas,lipitor,1632.546329510557,5
2020,aguascalientes,cytotec,2661.560810810811,1
2020,aguascalientes,arava,2352.8630136986303,2
2020,aguascalientes,keppra,2226.5135135135133,3
2020,aguascalientes,fosamax plus,1649.986666666667,4
2020,aguascalientes,lipitor,1643.1186440677966,5
2020,baja california,cytotec,2998.3983339251895,1
2020,baja california,arava,2388.1917194404987,2
2020,baja california,keppra,2264.3554440268986,3
2020,baja california,asenlix,1766.3385416666667,4
2020,baja california,lipitor,1752.3003389994303,5
2020,baja california sur,cytotec,2551.2593057321947,1
2020,baja california sur,arava,2343.647019159226,2
2020,baja california sur,keppra,2142.881013463755,3
2020,baja california sur,asenlix,1800.3397183804898,4
2020,baja california sur,lipitor,1668.4012206156194,5
2020,campeche,cytotec,2607.0354624374136,1
2020,campeche,arava,2313.0255615234373,2
2020,campeche,keppra,2150.2869525485567,3
2020,campeche,lipitor,1668.892599514964,4
2020,campeche,asenlix,1614.161134367536,5
2020,chiapas,cytotec,2681.5819033668154,1
2020,chiapas,arava,2314.7395616319445,2
2020,chiapas,keppra,2199.385372999238,3
2020,chiapas,lipitor,1737.1472262912323,4
2020,chiapas,fosamax plus,1660.2219020298548,5
2020,chihuahua,nebulizador,1031.6449945623224,1
2020,chihuahua,termometro,352.9544440375434,2
2020,chihuahua,aderogyl 15,134.44233169555665,3
2020,chihuahua,antiflu-des,108.40281295776369,4
2020,chihuahua,antiflu-des jr.,84.82111083136664,5
2020,ciudad de mexico,cytotec,2790.000037578276,1
2020,ciudad de mexico,arava,2320.9995870204716,2
2020,ciudad de mexico,keppra,2233.9948663119612,3
2020,ciudad de mexico,lipitor,1712.6627421620612,4
2020,ciudad de mexico,fosamax plus,1689.6737937657465,5
2020,coahuila de zaragoza,cytotec,2657.320062404726,1
2020,coahuila de zaragoza,arava,2376.974736501479,2
2020,coahuila de zaragoza,keppra,2188.4889676973416,3
2020,coahuila de zaragoza,lexapro,1669.8079545762805,4
2020,coahuila de zaragoza,lipitor,1657.0425999759063,5
2020,colima,arava,2561.0,1
2020,colima,cytotec,2441.0,2
2020,colima,keppra,2370.0,3
2020,colima,fosamax plus,1781.5,4
2020,colima,evista,1641.0,5
2020,durango,cytotec,2651.321195054328,1
2020,durango,arava,2394.468748665898,2
2020,durango,keppra,2151.7298101380816,3
2020,durango,asenlix,1667.57075164603,4
2020,durango,lipitor,1651.9231000769798,5
2020,estado de mexico,cytotec,2755.4397805834574,1
2020,estado de mexico,arava,2272.3701946117258,2
2020,estado de mexico,keppra,2203.293194091035,3
2020,estado de mexico,lipitor,1673.57730017568,4
2020,estado de mexico,fosamax plus,1659.4684071001143,5
2020,guanajuato,cytotec,2724.8939838494957,1
2020,guanajuato,arava,2457.383747355143,2
2020,guanajuato,keppra,2173.655148630185,3
2020,guanajuato,lipitor,1727.3595239047347,4
2020,guanajuato,fosamax plus,1700.2478997036492,5
2020,guerrero,cytotec,2629.393464461617,1
2020,guerrero,arava,2252.023408203125,2
2020,guerrero,keppra,2216.4062561035157,3
2020,guerrero,lipitor,1665.9327665288397,4
2020,guerrero,asenlix,1654.3739066745925,5
2020,hidalgo,cytotec,2835.304854230183,1
2020,hidalgo,arava,2279.0853165336275,2
2020,hidalgo,keppra,2226.824324324324,3
2020,hidalgo,fosamax plus,1687.1485714285714,4
2020,hidalgo,lipitor,1660.8455763596755,5
2020,jalisco,cytotec,2726.1767302684293,1
2020,jalisco,arava,2234.7167197459967,2
2020,jalisco,keppra,2192.1665931671505,3
2020,jalisco,lipitor,1678.2652324012795,4
2020,jalisco,fosamax plus,1629.902357263319,5
2020,michoacan de ocampo,cytotec,2703.141696735964,1
2020,michoacan de ocampo,arava,2392.0980597601997,2
2020,michoacan de ocampo,keppra,2169.5611234624334,3
2020,michoacan de ocampo,asenlix,1763.937735208651,4
2020,michoacan de ocampo,lipitor,1710.7166815118476,5
2020,morelos,nebulizador,839.7105263157895,1
2020,morelos,tempra,81.15781259536743,2
2020,morelos,xl-3 vr,68.42999992370605,3
2020,morelos,termometro,56.25124955177307,4
2020,morelos,sensibit,51.770731018810736,5
2020,nayarit,nebulizador,1068.3625030517578,1
2020,nayarit,aderogyl 15,119.05076951246996,2
2020,nayarit,antiflu-des,101.60833231608072,3
2020,nayarit,termometro,84.56499862670898,4
2020,nayarit,tempra,73.84250068664551,5
2020,nuevo leon,cytotec,2891.2200202941895,1
2020,nuevo leon,arava,2108.0645377604164,2
2020,nuevo leon,keppra,2029.2350061035156,3
2020,nuevo leon,lipitor,1674.0573530054803,4
2020,nuevo leon,asenlix,1625.5534415409484,5
2020,oaxaca,cytotec,2706.989241690006,1
2020,oaxaca,arava,2228.313271210573,2
2020,oaxaca,keppra,2114.887997159091,3
2020,oaxaca,asenlix,1637.0547998046875,4
2020,oaxaca,lipitor,1627.285882388844,5
2020,puebla,cytotec,2576.2826181087853,1
2020,puebla,arava,2298.09952218192,2
2020,puebla,keppra,2210.8310345026453,3
2020,puebla,lipitor,1771.607217061151,4
2020,puebla,asenlix,1722.377685546875,5
2020,queretaro,cytotec,2732.2643139089337,1
2020,queretaro,arava,2368.3534392721403,2
2020,queretaro,keppra,2205.787065812653,3
2020,queretaro,lipitor,1703.4879596289416,4
2020,queretaro,fosamax plus,1683.6897496750614,5
2020,quintana roo,cytotec,2767.3134907567223,1
2020,quintana roo,arava,2393.21572265625,2
2020,quintana roo,keppra,2210.2657372352637,3
2020,quintana roo,asenlix,1727.0782790887552,4
2020,quintana roo,lipitor,1690.5934033203123,5
2020,san luis potosi,cytotec,2743.2202639789703,1
2020,san luis potosi,arava,2418.918922991071,2
2020,san luis potosi,keppra,2212.6588633795204,3
2020,san luis potosi,lipitor,1716.127511551131,4
2020,san luis potosi,fosamax plus,1696.8248163703029,5
2020,sinaloa,cytotec,2621.567004394531,1
2020,sinaloa,arava,2419.664570201527,2
2020,sinaloa,keppra,2185.941998291016,3
2020,sinaloa,lipitor,1734.3984798308345,4
2020,sinaloa,fosamax plus,1687.666659884983,5
2020,sonora,nebulizador,1125.8036443536932,1
2020,sonora,termometro,125.37999996062248,2
2020,sonora,tempra,85.04557668245755,3
2020,sonora,xl-3 vr,68.43928609575543,4
2020,sonora,cafiaspirina,54.45277754465739,5
2020,tabasco,cytotec,2683.6563500976563,1
2020,tabasco,arava,2307.830504754577,2
2020,tabasco,keppra,2182.9155450534327,3
2020,tabasco,asenlix,1654.6053215295226,4
2020,tabasco,lipitor,1640.4326057902715,5
2020,tamaulipas,cytotec,2628.904983520508,1
2020,tamaulipas,arava,2460.4271816037735,2
2020,tamaulipas,keppra,2204.4976429332387,3
2020,tamaulipas,lipitor,1765.9132777622767,4
2020,tamaulipas,fosamax plus,1675.004859561012,5
2020,tlaxcala,cytotec,2680.3929869870103,1
2020,tlaxcala,arava,2368.917018159907,2
2020,tlaxcala,keppra,2249.524982320851,3
2020,tlaxcala,lipitor,1736.119016553535,4
2020,tlaxcala,fosamax plus,1671.6070930139342,5
2020,veracruz,cytotec,2593.040001502404,1
2020,veracruz,arava,2270.2173118270744,2
2020,veracruz,keppra,2174.13553445381,3
2020,veracruz,asenlix,1609.5719095865886,4
2020,veracruz,fosamax plus,1608.871315301101,5
2020,yucatan,cytotec,2687.3940490218233,1
2020,yucatan,arava,2427.811070905413,2
2020,yucatan,keppra,2280.859715421435,3
2020,yucatan,fosamax plus,1705.9646812761334,4
2020,yucatan,lipitor,1700.0843396477374,5
2020,zacatecas,cytotec,2659.147441630461,1
2020,zacatecas,arava,2333.3920925414363,2
2020,zacatecas,keppra,2164.354083965351,3
2020,zacatecas,lipitor,1658.659058501755,4
2020,zacatecas,fosamax plus,1655.512869271011,5
2021,aguascalientes,cytotec,2932.311475409836,1
2021,aguascalientes,arava,2753.279069767442,2
2021,aguascalientes,keppra,2391.814814814815,3
2021,aguascalientes,lexapro,1792.5759493670887,4
2021,aguascalientes,fosamax plus,1790.068669527897,5
2021,baja california,cytotec,3275.3866943359376,1
2021,baja california,arava,2710.985986328125,2
2021,baja california,keppra,2497.409090909091,3
2021,baja california,fosamax plus,1898.6712182617184,4
2021,baja california,lipitor,1767.671501159668,5
2021,baja california sur,arava,2751.941419328962,1
2021,baja california sur,cytotec,2665.895895070043,2
2021,baja california sur,keppra,2252.2514109892004,3
2021,baja california sur,lipitor,1811.305207248264,4
2021,baja california sur,fosamax plus,1742.855442441743,5
2021,campeche,arava,2728.751416015625,1
2021,campeche,cytotec,2699.2269996820496,2
2021,campeche,keppra,2298.862001324644,3
2021,campeche,lipitor,1844.9698135449692,4
2021,campeche,fosamax plus,1718.0873018152574,5
2021,chiapas,cytotec,3098.417129054214,1
2021,chiapas,arava,2741.9420443448153,2
2021,chiapas,keppra,2456.1603170727926,3
2021,chiapas,lipitor,1963.444880859375,4
2021,chiapas,fosamax plus,1814.0430145263672,5
2021,chihuahua,cytotec,2981.896782575335,1
2021,chihuahua,arava,2865.3562630666815,2
2021,chihuahua,keppra,2478.2183442698965,3
2021,chihuahua,fosamax plus,1870.7978519923251,4
2021,chihuahua,lipitor,1822.71870477251,5
2021,ciudad de mexico,cytotec,3043.3925901813273,1
2021,ciudad de mexico,arava,2703.88161247328,2
2021,ciudad de mexico,keppra,2385.6851191152864,3
2021,ciudad de mexico,lipitor,1843.179932333743,4
2021,ciudad de mexico,lantus. insulina glargina,1805.3270057246552,5
2021,coahuila de zaragoza,cytotec,2892.088027402579,1
2021,coahuila de zaragoza,arava,2759.827511200124,2
2021,coahuila de zaragoza,keppra,2374.1500573072603,3
2021,coahuila de zaragoza,lexapro,1825.5021149247737,4
2021,coahuila de zaragoza,fosamax plus,1798.5311756807216,5
2021,durango,cytotec,2735.044860839844,1
2021,durango,arava,2692.266850490196,2
2021,durango,keppra,2290.351078315069,3
2021,durango,lexapro,1830.509789565514,4
2021,durango,fosamax plus,1699.4724529290654,5
2021,estado de mexico,cytotec,2987.82567472934,1
2021,estado de mexico,arava,2581.8151054078767,2
2021,estado de mexico,keppra,2385.692166909827,3
2021,estado de mexico,lipitor,1809.878015451264,4
2021,estado de mexico,fosamax plus,1791.7296096442506,5
2021,guanajuato,cytotec,2981.2907830103272,1
2021,guanajuato,arava,2759.4684729534647,2
2021,guanajuato,keppra,2318.2181472103152,3
2021,guanajuato,lexapro,1868.570784658756,4
2021,guanajuato,fosamax plus,1805.5847392556989,5
2021,guerrero,cytotec,2892.0333333333333,1
2021,guerrero,arava,2668.243994140625,2
2021,guerrero,keppra,2288.529411764706,3
2021,guerrero,lantus. insulina glargina,1783.0,4
2021,guerrero,lipitor,1751.6116638183594,5
2021,hidalgo,cytotec,3015.0,1
2021,hidalgo,arava,2950.0,2
2021,hidalgo,lipitor,1943.0625,3
2021,hidalgo,lantus. insulina glargina,1840.5,4
2021,hidalgo,fosamax plus,1813.4,5
2021,jalisco,cytotec,2859.3886550377156,1
2021,jalisco,arava,2536.1719584668804,2
2021,jalisco,keppra,2272.084334210652,3
2021,jalisco,lipitor,1819.0003762067695,4
2021,jalisco,fosamax plus,1744.361584637616,5
2021,michoacan de ocampo,cytotec,2932.402914683024,1
2021,michoacan de ocampo,arava,2707.2221050459084,2
2021,michoacan de ocampo,keppra,2338.8216954673208,3
2021,michoacan de ocampo,fosamax plus,1804.5626481816091,4
2021,michoacan de ocampo,lexapro,1802.2975373550369,5
2021,morelos,cytotec,3038.257197265625,1
2021,morelos,arava,2786.9609042080965,2
2021,morelos,keppra,2502.5278764204545,3
2021,morelos,lipitor,1869.0219401041663,4
2021,morelos,fosamax plus,1862.6784354268505,5
2021,nuevo leon,cytotec,3186.272580295139,1
2021,nuevo leon,arava,2590.1976255436534,2
2021,nuevo leon,keppra,2194.018581694206,3
2021,nuevo leon,lipitor,1779.9593309893655,4
2021,nuevo leon,asenlix,1725.0550563938016,5
2021,oaxaca,cytotec,2859.354433926669,1
2021,oaxaca,arava,2393.415261740213,2
2021,oaxaca,keppra,2150.4171717026657,3
2021,oaxaca,lipitor,1737.101605832319,4
2021,oaxaca,fosamax plus,1674.417603837683,5
2021,puebla,cytotec,2869.475000554865,1
2021,puebla,arava,2844.5721688900353,2
2021,puebla,keppra,2428.231283305604,3
2021,puebla,fosamax plus,1813.773533528646,4
2021,puebla,lipitor,1788.1752038820823,5
2021,queretaro,cytotec,2955.1851000183324,1
2021,queretaro,arava,2720.528300044222,2
2021,queretaro,keppra,2441.9198436368847,3
2021,queretaro,fosamax plus,1839.017442276028,4
2021,queretaro,lipitor,1821.6704259340456,5
2021,quintana roo,cytotec,2968.9432239163307,1
2021,quintana roo,arava,2779.1469478036115,2
2021,quintana roo,keppra,2388.336807969977,3
2021,quintana roo,lipitor,1853.0489625395016,4
2021,quintana roo,fosamax plus,1837.3425165085569,5
2021,san luis potosi,cytotec,2930.0043968344635,1
2021,san luis potosi,arava,2756.7901373969185,2
2021,san luis potosi,keppra,2451.336012065117,3
2021,san luis potosi,fosamax plus,1823.106334809948,4
2021,san luis potosi,lexapro,1804.532998150257,5
2021,sinaloa,cytotec,2907.318953329058,1
2021,sinaloa,arava,2745.274351058468,2
2021,sinaloa,keppra,2487.7220892137098,3
2021,sinaloa,lexapro,1867.455239269221,4
2021,sinaloa,fosamax plus,1841.9730638073336,5
2021,sonora,cytotec,2979.7524249102617,1
2021,sonora,arava,2766.8743365743885,2
2021,sonora,keppra,2396.9044247581846,3
2021,sonora,fosamax plus,1899.586952903054,4
2021,sonora,lexapro,1854.9760409080377,5
2021,tabasco,cytotec,2964.139797044837,1
2021,tabasco,arava,2655.7040837420163,2
2021,tabasco,keppra,2290.791223642778,3
2021,tabasco,lipitor,1748.2748593612455,4
2021,tabasco,lantus. insulina glargina,1743.4475716255806,5
2021,tamaulipas,cytotec,2782.295789216694,1
2021,tamaulipas,arava,2674.447444661458,2
2021,tamaulipas,keppra,2354.915065104167,3
2021,tamaulipas,fosamax plus,1907.9662982891132,4
2021,tamaulipas,lipitor,1754.845052502819,5
2021,tlaxcala,cytotec,2734.0132526901534,1
2021,tlaxcala,arava,2681.5299775094695,2
2021,tlaxcala,keppra,2327.596435546875,3
2021,tlaxcala,lipitor,1792.030614934816,4
2021,tlaxcala,fosamax plus,1766.5245856951951,5
2021,veracruz,cytotec,2936.770246769832,1
2021,veracruz,arava,2755.4840478834763,2
2021,veracruz,keppra,2366.4643167031777,3
2021,veracruz,fosamax plus,1769.6112576998198,4
2021,veracruz,lipitor,1766.269072776617,5
2021,yucatan,cytotec,2985.1724936917703,1
2021,yucatan,arava,2782.0918714735244,2
2021,yucatan,keppra,2508.665686251849,3
2021,yucatan,lipitor,1924.9405316315244,4
2021,yucatan,fosamax plus,1844.5966268902175,5
2021,zacatecas,cytotec,2797.7245353929925,1
2021,zacatecas,arava,2590.9762023255066,2
2021,zacatecas,keppra,2244.5121954055057,3
2021,zacatecas,fosamax plus,1762.3267001387003,4
2021,zacatecas,lipitor,1685.7956863436564,5
2022,aguascalientes,cytotec,3108.8129032258066,1
2022,aguascalientes,arava,3054.0448717948716,2
2022,aguascalientes,keppra,2626.5757575757575,3
2022,aguascalientes,lantus. insulina glargina,1846.3668639053255,4
2022,aguascalientes,lipitor,1841.6168831168832,5
2022,baja california,cytotec,3130.779999523628,1
2022,baja california,arava,3076.2301592145645,2
2022,baja california,keppra,2584.6731212103546,3
2022,baja california,lipitor,1879.32822542664,4
2022,baja california,lantus. insulina glargina,1873.3927882460296,5
2022,baja california sur,arava,2998.829022216797,1
2022,baja california sur,cytotec,2694.743203125,2
2022,baja california sur,keppra,2446.2170126271803,3
2022,baja california sur,lipitor,1931.4641804367143,4
2022,baja california sur,fosamax plus,1837.7698105820664,5
2022,campeche,cytotec,2886.673132905506,1
2022,campeche,arava,2877.906118887442,2
2022,campeche,keppra,2514.9755116338315,3
2022,campeche,lipitor,1888.5425851004463,4
2022,campeche,lantus. insulina glargina,1818.2345942944553,5
2022,chiapas,cytotec,3065.63056709397,1
2022,chiapas,arava,3010.677325181558,2
2022,chiapas,keppra,2646.814814814815,3
2022,chiapas,lipitor,1948.0314524071848,4
2022,chiapas,fosamax plus,1906.4741379310344,5
2022,chihuahua,arava,3130.016580735338,1
2022,chihuahua,cytotec,3100.0700972859895,2
2022,chihuahua,keppra,2606.4155440984987,3
2022,chihuahua,lantus. insulina glargina,1912.6028876247176,4
2022,chihuahua,fosamax plus,1908.1764680354968,5
2022,ciudad de mexico,cytotec,3230.399498706075,1
2022,ciudad de mexico,arava,3039.1479081999696,2
2022,ciudad de mexico,keppra,2667.6418315784013,3
2022,ciudad de mexico,lipitor,1980.3254720782436,4
2022,ciudad de mexico,lantus. insulina glargina,1940.28809601601,5
2022,coahuila de zaragoza,arava,3268.232044198895,1
2022,coahuila de zaragoza,cytotec,3125.8426966292136,2
2022,coahuila de zaragoza,keppra,2687.6944444444443,3
2022,coahuila de zaragoza,lexapro,1913.7693798449611,4
2022,coahuila de zaragoza,lipitor,1871.541176470588,5
2022,durango,arava,2981.9386887122846,1
2022,durango,cytotec,2964.7451833089194,2
2022,durango,keppra,2440.1756103515627,3
2022,durango,lexapro,1882.1879471308505,4
2022,durango,lipitor,1760.8759894971026,5
2022,estado de mexico,cytotec,3191.4308494948223,1
2022,estado de mexico,arava,3033.495715737171,2
2022,estado de mexico,keppra,2646.1364613439305,3
2022,estado de mexico,lipitor,1950.7769499118767,4
2022,estado de mexico,lantus. insulina glargina,1919.0723324206324,5
2022,guanajuato,cytotec,3138.6635442918346,1
2022,guanajuato,arava,3079.880441623264,2
2022,guanajuato,keppra,2563.544370731194,3
2022,guanajuato,fosamax plus,1888.2188406567088,4
2022,guanajuato,lexapro,1873.938429991242,5
2022,guerrero,tempra,88.41999969482421,1
2022,guerrero,sedalmerck,69.0,2
2022,guerrero,aspirina,59.208333333333336,3
2022,guerrero,cafiaspirina,59.0,4
2022,guerrero,tabcin,52.0,5
2022,hidalgo,cytotec,3229.4285714285716,1
2022,hidalgo,arava,2664.0,2
2022,hidalgo,keppra,2562.478260869565,3
2022,hidalgo,lexapro,1892.888888888889,4
2022,hidalgo,lipitor,1885.217391304348,5
2022,jalisco,cytotec,3018.8435339463495,1
2022,jalisco,arava,2938.0140058144757,2
2022,jalisco,keppra,2590.051997197139,3
2022,jalisco,lipitor,1986.099982428444,4
2022,jalisco,fosamax plus,1838.3447357911832,5
2022,michoacan de ocampo,cytotec,3075.920881102071,1
2022,michoacan de ocampo,arava,3012.5795115098595,2
2022,michoacan de ocampo,keppra,2551.869350857205,3
2022,michoacan de ocampo,lipitor,1863.5233801240256,4
2022,michoacan de ocampo,fosamax plus,1838.8906530579525,5
2022,morelos,cytotec,3131.755905511811,1
2022,morelos,arava,3022.89896366514,2
2022,morelos,keppra,2639.621212121212,3
2022,morelos,lipitor,1922.021518049569,4
2022,morelos,fosamax plus,1885.898113207547,5
2022,nuevo leon,cytotec,3130.4010616278497,1
2022,nuevo leon,arava,2999.416161170373,2
2022,nuevo leon,keppra,2509.198587472098,3
2022,nuevo leon,asenlix,1878.9686445378932,4
2022,nuevo leon,lipitor,1809.2132215153508,5
2022,oaxaca,cytotec,2872.681184467516,1
2022,oaxaca,arava,2819.58514239337,2
2022,oaxaca,keppra,2446.385483514695,3
2022,oaxaca,lantus. insulina glargina,1810.384112189798,4
2022,oaxaca,lipitor,1798.1444000244142,5
2022,puebla,arava,3043.672046802662,1
2022,puebla,cytotec,2974.2184089781745,2
2022,puebla,keppra,2632.7467787893197,3
2022,puebla,lipitor,1864.6651302798764,4
2022,puebla,lantus. insulina glargina,1837.3524990739493,5
2022,queretaro,cytotec,3159.0448189241342,1
2022,queretaro,arava,3106.039339065552,2
2022,queretaro,keppra,2650.277531449513,3
2022,queretaro,lipitor,1915.424114037913,4
2022,queretaro,fosamax plus,1892.2246470178277,5
2022,quintana roo,cytotec,3221.498493233112,1
2022,quintana roo,arava,3207.0263358299885,2
2022,quintana roo,keppra,2714.245033112583,3
2022,quintana roo,lipitor,2010.151887630988,4
2022,quintana roo,fosamax plus,1877.739487351413,5
2022,san luis potosi,cytotec,3129.8762507697043,1
2022,san luis potosi,arava,3064.5148543885302,2
2022,san luis potosi,keppra,2603.5219178225266,3
2022,san luis potosi,lipitor,1914.0644341888851,4
2022,san luis potosi,fosamax plus,1868.5911150108568,5
2022,sinaloa,cytotec,3016.342532103089,1
2022,sinaloa,arava,3007.12333591505,2
2022,sinaloa,keppra,2497.274752807617,3
2022,sinaloa,lantus. insulina glargina,1880.2092106851296,4
2022,sinaloa,lexapro,1873.0925764329363,5
2022,sonora,cytotec,3042.863549126519,1
2022,sonora,arava,2885.239862271013,2
2022,sonora,keppra,2428.755135631109,3
2022,sonora,fosamax plus,1866.965803724548,4
2022,sonora,lexapro,1839.225265717842,5
2022,tabasco,cytotec,3121.7939540765224,1
2022,tabasco,arava,2974.128523846062,2
2022,tabasco,keppra,2541.2810903188347,3
2022,tabasco,lipitor,1892.613178911601,4
2022,tabasco,lantus. insulina glargina,1863.1298978457896,5
2022,tamaulipas,arava,3183.648932892142,1
2022,tamaulipas,cytotec,3156.948275862069,2
2022,tamaulipas,keppra,2638.771817294034,3
2022,tamaulipas,lipitor,1873.716560509554,4
2022,tamaulipas,fosamax plus,1833.0375523305645,5
2022,tlaxcala,arava,3055.1567520356516,1
2022,tlaxcala,cytotec,3049.900870768229,2
2022,tlaxcala,keppra,2544.663853656815,3
2022,tlaxcala,lipitor,1976.866002061632,4
2022,tlaxcala,lantus. insulina glargina,1856.0313124545785,5
2022,veracruz,cytotec,3096.2498483368845,1
2022,veracruz,arava,3037.6393947435463,2
2022,veracruz,keppra,2540.8943384806316,3
2022,veracruz,lipitor,1858.917326934578,4
2022,veracruz,lexapro,1832.0902096495336,5
2022,yucatan,cytotec,3084.6004218644994,1
2022,yucatan,arava,3068.8053730248057,2
2022,yucatan,keppra,2581.3269172705313,3
2022,yucatan,lipitor,1950.2915901161443,4
2022,yucatan,lantus. insulina glargina,1864.752286601999,5
2022,zacatecas,cytotec,3010.7872914688364,1
2022,zacatecas,arava,2866.2413729000714,2
2022,zacatecas,keppra,2466.949609929865,3
2022,zacatecas,fosamax plus,1843.9214849528475,4
2022,zacatecas,xatral-od,1786.3957852964047,5
2023,aguascalientes,arava,3627.020979020979,1
2023,aguascalientes,cytotec,3435.937931034483,2
2023,aguascalientes,keppra,2782.41059602649,3
2023,aguascalientes,xatral-od,2149.1494252873563,4
2023,aguascalientes,lipitor,2039.4662921348315,5
2023,baja california,arava,3335.077913072374,1
2023,baja california,cytotec,3200.0901202466116,2
2023,baja california,keppra,2698.3217490375905,3
2023,baja california,xatral-od,2011.6908101949605,4
2023,baja california,asenlix,2009.1578121185305,5
2023,baja california sur,arava,3329.1441291360293,1
2023,baja california sur,cytotec,3042.669921875,2
2023,baja california sur,keppra,2605.846673427484,3
2023,baja california sur,lipitor,2108.0173608130153,4
2023,baja california sur,xatral-od,2017.356432233538,5
2023,campeche,arava,3381.198197428386,1
2023,campeche,cytotec,3198.8219764122596,2
2023,campeche,keppra,2499.149029457406,3
2023,campeche,lipitor,2096.803168862553,4
2023,campeche,xatral-od,2085.2269011466733,5
2023,chiapas,cytotec,3431.0434782608695,1
2023,chiapas,arava,3322.04,2
2023,chiapas,keppra,2801.242424242424,3
2023,chiapas,lipitor,2040.4375,4
2023,chiapas,asenlix,1922.35,5
2023,chihuahua,arava,3773.132192356701,1
2023,chihuahua,cytotec,3300.7016885998178,2
2023,chihuahua,keppra,2771.5076262126036,3
2023,chihuahua,xatral-od,2140.4429366117142,4
2023,chihuahua,lipitor,2042.6248017757312,5
2023,ciudad de mexico,arava,3493.081159792108,1
2023,ciudad de mexico,cytotec,3486.3380333797463,2
2023,ciudad de mexico,keppra,2878.9970919155617,3
2023,ciudad de mexico,lipitor,2217.0920501729424,4
2023,ciudad de mexico,xatral-od,2166.6160141601563,5
2023,coahuila de zaragoza,arava,3729.2182741116753,1
2023,coahuila de zaragoza,cytotec,3434.896907216495,2
2023,coahuila de zaragoza,keppra,2913.723076923077,3
2023,coahuila de zaragoza,xatral-od,2111.3398692810456,4
2023,coahuila de zaragoza,lipitor,2046.8664006518711,5
2023,durango,arava,3333.9056954289113,1
2023,durango,cytotec,3235.2441328498207,2
2023,durango,keppra,2601.3469841003416,3
2023,durango,xatral-od,2113.996641885081,4
2023,durango,lantus. insulina glargina,1982.3468230276396,5
2023,estado de mexico,cytotec,3446.642958514076,1
2023,estado de mexico,arava,3396.75642424283,2
2023,estado de mexico,keppra,2799.9221627644984,3
2023,estado de mexico,lipitor,2162.5469260155123,4
2023,estado de mexico,xatral-od,2088.778724890187,5
2023,guanajuato,cytotec,3436.9981598107993,1
2023,guanajuato,arava,3387.266571421682,2
2023,guanajuato,keppra,2771.333346973766,3
2023,guanajuato,xatral-od,2099.130166840889,4
2023,guanajuato,lipitor,2071.476197865293,5
2023,guerrero,tempra,183.0,1
2023,guerrero,cafiaspirina,88.2,2
2023,guerrero,aspirina,62.26923076923077,3
2023,guerrero,tabcin,58.57428556169782,4
2023,guerrero,suplemento alimenticio,56.324137983651,5
2023,hidalgo,cytotec,3568.2272727272725,1
2023,hidalgo,arava,3409.6897969148595,2
2023,hidalgo,keppra,2868.313725490196,3
2023,hidalgo,lipitor,2221.194805194805,4
2023,hidalgo,xatral-od,2193.285714285714,5
2023,jalisco,cytotec,3341.4831679870035,1
2023,jalisco,arava,3265.721078378183,2
2023,jalisco,keppra,2779.8041715148493,3
2023,jalisco,lipitor,2180.455822301794,4
2023,jalisco,xatral-od,2125.8369377136232,5
2023,michoacan de ocampo,arava,3412.4833984375,1
2023,michoacan de ocampo,cytotec,3257.9436072524713,2
2023,michoacan de ocampo,keppra,2688.45930505701,3
2023,michoacan de ocampo,xatral-od,2106.8002107452235,4
2023,michoacan de ocampo,lipitor,2076.754726409912,5
2023,morelos,arava,3439.9763779527557,1
2023,morelos,cytotec,3401.977879379735,2
2023,morelos,keppra,2777.4214876033056,3
2023,morelos,xatral-od,2089.837606837607,4
2023,morelos,lipitor,2074.5736590129573,5
2023,nuevo leon,arava,3514.8551256030387,1
2023,nuevo leon,cytotec,3325.877676904729,2
2023,nuevo leon,keppra,2807.2684967041014,3
2023,nuevo leon,xatral-od,2040.6283348931208,4
2023,nuevo leon,lipitor,2009.62275459397,5
2023,oaxaca,cytotec,3181.5772443498886,1
2023,oaxaca,arava,3180.616675967262,2
2023,oaxaca,keppra,2538.9707458496096,3
2023,oaxaca,xatral-od,1954.1685312308516,4
2023,oaxaca,asenlix,1923.272181719199,5
2023,puebla,arava,3503.3793329831933,1
2023,puebla,cytotec,3328.850574028201,2
2023,puebla,keppra,2705.521115234375,3
2023,puebla,lipitor,2102.572914459746,4
2023,puebla,xatral-od,2063.291313796747,5
2023,queretaro,arava,3523.312385559082,1
2023,queretaro,cytotec,3445.393518218361,2
2023,queretaro,keppra,2826.0680287805876,3
2023,queretaro,xatral-od,2111.2621520752928,4
2023,queretaro,lipitor,2103.375042359442,5
2023,quintana roo,arava,3482.829204280202,1
2023,quintana roo,cytotec,3335.6115147455826,2
2023,quintana roo,keppra,2792.253371740939,3
2023,quintana roo,lipitor,2120.9802167386615,4
2023,quintana roo,xatral-od,2080.5631697190915,5
2023,san luis potosi,arava,3373.8904580229923,1
2023,san luis potosi,cytotec,3338.196594557837,2
2023,san luis potosi,keppra,2745.8909869526706,3
2023,san luis potosi,xatral-od,2109.207608255526,4
2023,san luis potosi,lipitor,2074.6603184491737,5
2023,sinaloa,lactacyd,79.5,1
2023,sonora,arava,3400.514510444973,1
2023,sonora,cytotec,3208.0843198029893,2
2023,sonora,keppra,2637.9109049479166,3
2023,sonora,xatral-od,2020.330592228816,4
2023,sonora,asenlix,1936.9789838790896,5
2023,tabasco,cytotec,3408.164357807822,1
2023,tabasco,arava,3312.494736089939,2
2023,tabasco,keppra,2708.787435713725,3
2023,tabasco,lipitor,2054.9266507880634,4
2023,tabasco,xatral-od,1980.1818552324848,5
2023,tamaulipas,arava,3703.931476151315,1
2023,tamaulipas,cytotec,3431.9746628534226,2
2023,tamaulipas,keppra,2842.482080919989,3
2023,tamaulipas,xatral-od,2076.427707368294,4
2023,tamaulipas,lantus. insulina glargina,2039.9792694314551,5
2023,tlaxcala,arava,3555.766798231337,1
2023,tlaxcala,cytotec,3273.270207331731,2
2023,tlaxcala,keppra,2712.7883329503675,3
2023,tlaxcala,xatral-od,2103.966726551885,4
2023,tlaxcala,lipitor,2089.7367208277924,5
2023,veracruz,arava,3362.611196766729,1
2023,veracruz,cytotec,3303.08910586229,2
2023,veracruz,keppra,2715.6214209232235,3
2023,veracruz,lipitor,2036.712610202365,4
2023,veracruz,xatral-od,1979.1926545396364,5
2023,yucatan,arava,3488.902932221035,1
2023,yucatan,cytotec,3414.861012560256,2
2023,yucatan,keppra,2754.1603438654556,3
2023,yucatan,lipitor,2102.737839802657,4
2023,yucatan,xatral-od,2082.925028388445,5
2023,zacatecas,arava,3170.5719485311115,1
2023,zacatecas,cytotec,2943.5633544921875,2
2023,zacatecas,keppra,2511.310913705584,3
2023,zacatecas,lantus. insulina glargina,1983.2736725204293,4
2023,zacatecas,xatral-od,1977.9543170113848,5
2024,aguascalientes,arava,4018.3260869565215,1
2024,aguascalientes,cytotec,3614.906976744186,2
2024,aguascalientes,keppra,2868.9772727272725,3
2024,aguascalientes,xatral-od,2362.860465116279,4
2024,aguascalientes,lantus. insulina glargina,2126.7954545454545,5
2024,baja california,arava,3951.5202702702704,1
2024,baja california,cytotec,3584.5905905330883,2
2024,baja california,keppra,2795.958842432776,3
2024,baja california,xatral-od,2236.25,4
2024,baja california,secotex ocas,2187.336656358507,5
2024,baja california sur,arava,3428.75,1
2024,baja california sur,cytotec,3006.5950927734375,2
2024,baja california sur,keppra,2618.884521484375,3
2024,baja california sur,xatral-od,2279.0857282366073,4
2024,baja california sur,lantus. insulina glargina,2175.2449863978795,5
2024,campeche,arava,3816.09248046875,1
2024,campeche,cytotec,3361.552001953125,2
2024,campeche,keppra,2635.6952739514804,3
2024,campeche,xatral-od,2330.87694251019,4
2024,campeche,lantus. insulina glargina,2210.600039274796,5
2024,chiapas,arava,3662.5,1
2024,chiapas,cytotec,3566.2,2
2024,chiapas,keppra,2868.3333333333335,3
2024,chiapas,secotex ocas,2408.0,4
2024,chiapas,asenlix,2171.6,5
2024,chihuahua,arava,4060.3805645636794,1
2024,chihuahua,cytotec,3407.0722307477677,2
2024,chihuahua,keppra,2812.211201171875,3
2024,chihuahua,xatral-od,2351.2393642993684,4
2024,chihuahua,lantus. insulina glargina,2138.2128879123266,5
2024,ciudad de mexico,arava,3716.701267408288,1
2024,ciudad de mexico,cytotec,3587.412307504507,2
2024,ciudad de mexico,keppra,2932.517662982995,3
2024,ciudad de mexico,xatral-od,2276.4612029862533,4
2024,ciudad de mexico,lipitor,2231.310732731349,5
2024,coahuila de zaragoza,arava,4180.518518518518,1
2024,coahuila de zaragoza,cytotec,3704.9245283018863,2
2024,coahuila de zaragoza,keppra,2967.8703703703704,3
2024,coahuila de zaragoza,xatral-od,2395.767441860465,4
2024,coahuila de zaragoza,lantus. insulina glargina,2228.590909090909,5
2024,durango,arava,3750.897698818109,1
2024,durango,cytotec,3470.0691945929275,2
2024,durango,keppra,2730.814690483941,3
2024,durango,xatral-od,2407.7794860839845,4
2024,durango,lantus. insulina glargina,2210.0633138020835,5
2024,estado de mexico,arava,3564.1015121922346,1
2024,estado de mexico,cytotec,3518.2866423946098,2
2024,estado de mexico,keppra,2849.6868107236664,3
2024,estado de mexico,xatral-od,2220.1375904982,4
2024,estado de mexico,lipitor,2173.05921243182,5
2024,guanajuato,cytotec,3547.8334095628957,1
2024,guanajuato,arava,3506.9767441860463,2
2024,guanajuato,keppra,2831.113551642305,3
2024,guanajuato,xatral-od,2238.8824951171873,4
2024,guanajuato,lantus. insulina glargina,2157.2676870492787,5
2024,guerrero,arava,4193.2662353515625,1
2024,guerrero,cytotec,3628.466634114583,2
2024,guerrero,keppra,2982.941650390625,3
2024,guerrero,xatral-od,2311.9825134277344,4
2024,guerrero,asenlix,2242.5133260091147,5
2024,hidalgo,arava,3505.3333333333335,1
2024,hidalgo,cytotec,3474.0,2
2024,hidalgo,keppra,2762.25,3
2024,hidalgo,xatral-od,2270.818181818182,4
2024,hidalgo,asenlix,2223.0,5
2024,jalisco,arava,3722.545447716346,1
2024,jalisco,cytotec,3499.0300164473683,2
2024,jalisco,keppra,2827.5353108723957,3
2024,jalisco,xatral-od,2328.704256924716,4
2024,jalisco,lantus. insulina glargina,2225.254638671875,5
2024,michoacan de ocampo,arava,3587.2735986328125,1
2024,michoacan de ocampo,cytotec,3424.630830078125,2
2024,michoacan de ocampo,keppra,2788.8059814453127,3
2024,michoacan de ocampo,xatral-od,2285.3855028339462,4
2024,michoacan de ocampo,asenlix,2118.3673285590276,5
2024,morelos,arava,3652.653846153846,1
2024,morelos,cytotec,3484.9545454545455,2
2024,morelos,keppra,2858.9,3
2024,morelos,xatral-od,2238.3076923076924,4
2024,morelos,lipitor,2095.339285714286,5
2024,nuevo leon,arava,3761.4622429049746,1
2024,nuevo leon,cytotec,3508.313792744621,2
2024,nuevo leon,keppra,2845.2269849020336,3
2024,nuevo leon,xatral-od,2241.5981019035216,4
2024,nuevo leon,lantus. insulina glargina,2146.4171366788905,5
2024,oaxaca,cytotec,3286.870016163793,1
2024,oaxaca,arava,3263.798076923077,2
2024,oaxaca,keppra,2517.6452765213817,3
2024,oaxaca,asenlix,2054.9958292643228,4
2024,oaxaca,xatral-od,2032.1000061035156,5
2024,puebla,arava,3672.3125,1
2024,puebla,cytotec,3363.6958264802633,2
2024,puebla,keppra,2727.7443771362305,3
2024,puebla,xatral-od,2283.382408405173,4
2024,puebla,lipitor,2094.645506043365,5
2024,queretaro,arava,3813.441891232053,1
2024,queretaro,cytotec,3669.223277698863,2
2024,queretaro,keppra,2887.60936531188,3
2024,queretaro,xatral-od,2337.0375416239754,4
2024,queretaro,lipitor,2110.7807186867694,5
2024,quintana roo,arava,3826.702220775463,1
2024,quintana roo,cytotec,3388.253448486328,2
2024,quintana roo,keppra,2816.698113207547,3
2024,quintana roo,xatral-od,2279.75,4
2024,quintana roo,lipitor,2152.526461170838,5
2024,san luis potosi,arava,3489.2279352152123,1
2024,san luis potosi,cytotec,3427.0264772901346,2
2024,san luis potosi,keppra,2796.6975927734375,3
2024,san luis potosi,xatral-od,2302.2107350419205,4
2024,san luis potosi,lantus. insulina glargina,2125.306132923473,5
2024,sonora,arava,3995.952845982142,1
2024,sonora,cytotec,3559.022705078125,2
2024,sonora,keppra,2719.104111615349,3
2024,sonora,lantus. insulina glargina,2239.666882745151,4
2024,sonora,xatral-od,2148.814393578506,5
2024,tabasco,arava,3538.875,1
2024,tabasco,cytotec,3477.0050159801135,2
2024,tabasco,keppra,2760.1692332732373,3
2024,tabasco,xatral-od,2149.981037008351,4
2024,tabasco,lipitor,2082.504018052716,5
2024,tamaulipas,arava,3911.754684448242,1
2024,tamaulipas,cytotec,3590.4403401692707,2
2024,tamaulipas,keppra,2865.8555192618533,3
2024,tamaulipas,xatral-od,2273.816668475116,4
2024,tamaulipas,lantus. insulina glargina,2226.187363568474,5
2024,tlaxcala,arava,3785.96923828125,1
2024,tlaxcala,cytotec,3289.199951171875,2
2024,tlaxcala,keppra,2702.6849975585938,3
2024,tlaxcala,xatral-od,2251.7687377929688,4
2024,tlaxcala,asenlix,2154.9139811197915,5
2024,veracruz,arava,3711.6800023129113,1
2024,veracruz,cytotec,3403.9870999243954,2
2024,veracruz,keppra,2723.8478260869565,3
2024,veracruz,lipitor,2114.0975900673006,4
2024,veracruz,xatral-od,2096.618368343431,5
2024,yucatan,arava,3786.402034837373,1
2024,yucatan,cytotec,3540.936512082122,2
2024,yucatan,keppra,2801.6696224572524,3
2024,yucatan,xatral-od,2247.181325954861,4
2024,yucatan,lantus. insulina glargina,2123.460009765625,5
2024,zacatecas,arava,3415.7656272194604,1
2024,zacatecas,cytotec,3192.5128226902175,2
2024,zacatecas,keppra,2632.1803392313295,3
2024,zacatecas,xatral-od,2171.072771990741,4
2024,zacatecas,lantus. insulina glargina,2112.987255859375,5
